Name,Week_Ending,Net_Flow,Type
ID10,2025-01-06,-57652.35564,Actual
ID10,2025-01-13,-57822.37595,Actual
ID10,2025-01-20,-5871.311979999995,Actual
ID10,2025-01-27,-358673.49340000004,Actual
ID10,2025-02-03,378982.85485999996,Actual
ID10,2025-02-10,-85751.82737,Actual
ID10,2025-02-17,88869.05579000003,Actual
ID10,2025-02-24,-236843.48911000002,Actual
ID10,2025-03-03,287091.01045,Actual
ID10,2025-03-10,-46481.71038,Actual
ID10,2025-03-17,30004.097409999988,Actual
ID10,2025-03-24,76710.17983999998,Actual
ID10,2025-03-31,-356650.1641,Actual
ID10,2025-04-07,192531.36036000005,Actual
ID10,2025-04-14,46218.54208000001,Actual
ID10,2025-04-21,153643.89445999998,Actual
ID10,2025-04-28,-47059.80142999999,Actual
ID10,2025-05-05,109552.80072000003,Actual
ID10,2025-05-12,-97378.00050000001,Actual
ID10,2025-05-19,73109.75098000003,Actual
ID10,2025-05-26,-239164.24717000008,Actual
ID10,2025-06-02,115161.31991000002,Actual
ID10,2025-06-09,156798.87178000002,Actual
ID10,2025-06-16,-81076.46218,Actual
ID10,2025-06-23,120676.81382999998,Actual
ID10,2025-06-30,63247.027899999994,Actual
ID10,2025-07-07,-196078.21261,Actual
ID10,2025-07-14,-59101.03856,Actual
ID10,2025-07-21,85901.98045,Actual
ID10,2025-07-28,-186488.90454,Actual
ID10,2025-08-04,292672.98895,Actual
ID10,2025-08-11,-67431.84274,Actual
ID10,2025-08-18,83634.45717000001,Actual
ID10,2025-08-25,-204005.77429,Actual
ID10,2025-09-01,109826.12372000003,Actual
ID10,2025-09-08,-54902.09981,Actual
ID10,2025-09-15,-3724.344089999988,Actual
ID10,2025-09-22,200388.65109,Actual
ID10,2025-09-22,36322.271526880024,Validation_Test
ID10,2025-09-29,156191.82414,Actual
ID10,2025-09-29,56424.28288673185,Validation_Test
ID10,2025-10-06,-368106.52837,Actual
ID10,2025-10-06,-49530.080534004155,Validation_Test
ID10,2025-10-13,-51693.47746,Actual
ID10,2025-10-13,84515.99422267097,Validation_Test
ID10,2025-10-20,-6168.292679999984,Actual
ID10,2025-10-20,-63280.97517766284,Validation_Test
ID10,2025-10-27,-309062.33106999984,Actual
ID10,2025-10-27,87620.97778309515,Validation_Test
ID10,2025-11-03,576340.7050600001,Actual
ID10,2025-11-03,-92656.01596315534,Validation_Test
ID10,2025-11-10,-16580.257413912186,Forecast
ID10,2025-11-17,103238.10688621823,Forecast
ID10,2025-11-24,-4411.99034166636,Forecast
ID10,2025-12-01,30908.83580251965,Forecast
ID10,2025-12-08,38871.46556364957,Forecast
ID10,2025-12-15,-10973.074970609163,Forecast
ID10,2025-12-22,-6869.3407638281715,Forecast
ID10,2025-12-29,75190.31963755206,Forecast
ID10,2026-01-05,22272.14122108879,Forecast
ID10,2026-01-12,55209.32899258269,Forecast
ID10,2026-01-19,26685.503774169498,Forecast
ID10,2026-01-26,-30473.239173115417,Forecast
ID10,2026-02-02,73654.9692031925,Forecast
ID10,2026-02-09,-44560.44965370245,Forecast
ID10,2026-02-16,68489.69082694135,Forecast
ID10,2026-02-23,6822.931373060002,Forecast
ID10,2026-03-02,11671.826903449411,Forecast
ID10,2026-03-09,57694.805765737394,Forecast
ID10,2026-03-16,24145.044975024317,Forecast
ID10,2026-03-23,13151.707266522506,Forecast
ID10,2026-03-30,62066.899266126784,Forecast
ID10,2026-04-06,9563.372312660762,Forecast
ID10,2026-04-13,52266.16434396052,Forecast
ID10,2026-04-20,67166.34973593647,Forecast
ID10,2026-04-27,-18582.54313450506,Forecast
ID10,2026-05-04,51530.13229083942,Forecast
KR10,2025-01-06,7177.675019999998,Actual
KR10,2025-01-13,-74476.34026,Actual
KR10,2025-01-20,-445193.93592,Actual
KR10,2025-01-27,163027.35246,Actual
KR10,2025-02-03,1543694.41462,Actual
KR10,2025-02-10,-260834.49730999998,Actual
KR10,2025-02-17,-144001.23116,Actual
KR10,2025-02-24,-2305388.59629,Actual
KR10,2025-03-03,1369569.2184499998,Actual
KR10,2025-03-10,-132466.99811,Actual
KR10,2025-03-17,24022.91979000001,Actual
KR10,2025-03-24,-404103.28164000006,Actual
KR10,2025-03-31,1704359.3103399999,Actual
KR10,2025-04-07,-262244.44598,Actual
KR10,2025-04-14,-223842.01436,Actual
KR10,2025-04-21,-287000.12382,Actual
KR10,2025-04-28,-608328.2822100006,Actual
KR10,2025-05-05,-567519.3880800001,Actual
KR10,2025-05-12,-206131.69621999998,Actual
KR10,2025-05-19,-245837.53101,Actual
KR10,2025-05-26,-1616040.22138,Actual
KR10,2025-06-02,2904255.68099,Actual
KR10,2025-06-09,-3216.5349400000114,Actual
KR10,2025-06-16,174293.54417999997,Actual
KR10,2025-06-23,962764.84438,Actual
KR10,2025-06-30,-30807.163330000418,Actual
KR10,2025-07-07,-87122.03331999997,Actual
KR10,2025-07-14,-34285.23548,Actual
KR10,2025-07-21,48760.43403,Actual
KR10,2025-07-28,-3546581.952160001,Actual
KR10,2025-08-04,1050232.12469,Actual
KR10,2025-08-11,-315707.3178,Actual
KR10,2025-08-18,47228.19092000001,Actual
KR10,2025-08-25,-2436664.0037599998,Actual
KR10,2025-09-01,2290883.1147,Actual
KR10,2025-09-08,-164066.65307,Actual
KR10,2025-09-15,-127042.6049,Actual
KR10,2025-09-22,1183056.7281199999,Actual
KR10,2025-09-22,7373.268382241047,Validation_Test
KR10,2025-09-29,38309.89280000009,Actual
KR10,2025-09-29,-29138.098542376334,Validation_Test
KR10,2025-10-06,-1005435.5908499999,Actual
KR10,2025-10-06,-71296.40591025888,Validation_Test
KR10,2025-10-13,-41755.322380000005,Actual
KR10,2025-10-13,-45189.1001788531,Validation_Test
KR10,2025-10-20,28888.548709999985,Actual
KR10,2025-10-20,-25400.548797413372,Validation_Test
KR10,2025-10-27,-2508577.6138600004,Actual
KR10,2025-10-27,-6261.6137038311135,Validation_Test
KR10,2025-11-03,3001117.99655,Actual
KR10,2025-11-03,-27921.512584984288,Validation_Test
KR10,2025-11-10,162317.2274865632,Forecast
KR10,2025-11-17,-105169.77712825927,Forecast
KR10,2025-11-24,378897.14759932016,Forecast
KR10,2025-12-01,-94819.91316601883,Forecast
KR10,2025-12-08,144068.39138338753,Forecast
KR10,2025-12-15,-909584.8831644788,Forecast
KR10,2025-12-22,334943.1271145902,Forecast
KR10,2025-12-29,-180964.0291111727,Forecast
KR10,2026-01-05,-27899.630347608232,Forecast
KR10,2026-01-12,-355428.87088453677,Forecast
KR10,2026-01-19,27802.461143139983,Forecast
KR10,2026-01-26,-368966.6336251078,Forecast
KR10,2026-02-02,-296672.7080094011,Forecast
KR10,2026-02-09,-115963.05839748221,Forecast
KR10,2026-02-16,-209141.5024066394,Forecast
KR10,2026-02-23,-165823.9627852301,Forecast
KR10,2026-03-02,-299043.57055826706,Forecast
KR10,2026-03-09,-102428.8239803477,Forecast
KR10,2026-03-16,-290587.70449399494,Forecast
KR10,2026-03-23,380042.46695037297,Forecast
KR10,2026-03-30,107491.5503731714,Forecast
KR10,2026-04-06,-203143.23658944643,Forecast
KR10,2026-04-13,-301578.4204012988,Forecast
KR10,2026-04-20,-85276.49051735367,Forecast
KR10,2026-04-27,-110216.55699579451,Forecast
KR10,2026-05-04,-191698.1949248212,Forecast
MY10,2025-01-06,-23916.07246,Actual
MY10,2025-01-13,-759.8245199999983,Actual
MY10,2025-01-20,-16579.559149999997,Actual
MY10,2025-01-27,63138.05788999994,Actual
MY10,2025-02-03,-73952.68611000001,Actual
MY10,2025-02-10,-46960.90011,Actual
MY10,2025-02-17,-13045.71499,Actual
MY10,2025-02-24,-583521.3749699999,Actual
MY10,2025-03-03,679250.07694,Actual
MY10,2025-03-10,-50154.48570999999,Actual
MY10,2025-03-17,-33347.45026,Actual
MY10,2025-03-24,-131473.38093,Actual
MY10,2025-03-31,102144.62844,Actual
MY10,2025-04-07,-30460.52001,Actual
MY10,2025-04-14,-46652.363699999994,Actual
MY10,2025-04-21,-21886.66981,Actual
MY10,2025-04-28,-803688.32439,Actual
MY10,2025-05-05,-99878.79930999999,Actual
MY10,2025-05-12,-55161.77674,Actual
MY10,2025-05-19,-21053.28141,Actual
MY10,2025-05-26,-649530.19352,Actual
MY10,2025-06-02,685092.0507700001,Actual
MY10,2025-06-09,-50978.83072,Actual
MY10,2025-06-16,-39561.77679,Actual
MY10,2025-06-23,-87192.99923,Actual
MY10,2025-06-30,213677.96369999985,Actual
MY10,2025-07-07,-40669.21705,Actual
MY10,2025-07-14,-73493.882,Actual
MY10,2025-07-21,-15011.84101,Actual
MY10,2025-07-28,-464321.89907000004,Actual
MY10,2025-08-04,-71193.79540999999,Actual
MY10,2025-08-11,-50253.479269999996,Actual
MY10,2025-08-18,-32456.10486,Actual
MY10,2025-08-25,-187862.11273,Actual
MY10,2025-09-01,721348.6734999999,Actual
MY10,2025-09-08,-89127.88629,Actual
MY10,2025-09-15,-42233.78948,Actual
MY10,2025-09-22,-25314.80314,Actual
MY10,2025-09-22,21210.811492230278,Validation_Test
MY10,2025-09-29,200620.78717999998,Actual
MY10,2025-09-29,-40360.28299301273,Validation_Test
MY10,2025-10-06,-87500.14934,Actual
MY10,2025-10-06,-53814.517739629395,Validation_Test
MY10,2025-10-13,-47854.23462,Actual
MY10,2025-10-13,23707.48919933797,Validation_Test
MY10,2025-10-20,-21735.82436,Actual
MY10,2025-10-20,-85520.433079579,Validation_Test
MY10,2025-10-27,-925379.0357499998,Actual
MY10,2025-10-27,69397.77991896718,Validation_Test
MY10,2025-11-03,809093.7071600001,Actual
MY10,2025-11-03,-60282.396174149064,Validation_Test
MY10,2025-11-10,-31802.622031540144,Forecast
MY10,2025-11-17,-340507.2269191649,Forecast
MY10,2025-11-24,363447.48139746574,Forecast
MY10,2025-12-01,-271307.42316384555,Forecast
MY10,2025-12-08,154018.86556881893,Forecast
MY10,2025-12-15,-72963.04070243328,Forecast
MY10,2025-12-22,94179.11186006974,Forecast
MY10,2025-12-29,6652.925476237127,Forecast
MY10,2026-01-05,-119067.22658204667,Forecast
MY10,2026-01-12,8865.341622484782,Forecast
MY10,2026-01-19,-118000.44234388655,Forecast
MY10,2026-01-26,18809.149383335003,Forecast
MY10,2026-02-02,-104499.08221216802,Forecast
MY10,2026-02-09,-36691.401732617596,Forecast
MY10,2026-02-16,-87138.40021177076,Forecast
MY10,2026-02-23,-42148.46272437252,Forecast
MY10,2026-03-02,-104058.77858469234,Forecast
MY10,2026-03-09,-29687.19796775514,Forecast
MY10,2026-03-16,-91855.2941937303,Forecast
MY10,2026-03-23,29268.88559130185,Forecast
MY10,2026-03-30,-76885.5100309044,Forecast
MY10,2026-04-06,-7459.893122594767,Forecast
MY10,2026-04-13,-160431.64407322087,Forecast
MY10,2026-04-20,-547.1593618683837,Forecast
MY10,2026-04-27,-193861.53034097978,Forecast
MY10,2026-05-04,-3379.970224705008,Forecast
PH10,2025-01-06,-39384.45779,Actual
PH10,2025-01-13,-67514.2651,Actual
PH10,2025-01-20,-49909.02116,Actual
PH10,2025-01-27,-191091.39494000003,Actual
PH10,2025-02-03,171508.52837000004,Actual
PH10,2025-02-10,-34469.06063,Actual
PH10,2025-02-17,-52707.63066,Actual
PH10,2025-02-24,-43400.39051,Actual
PH10,2025-03-03,148855.57171999998,Actual
PH10,2025-03-10,-39279.44935,Actual
PH10,2025-03-17,-130051.12000999998,Actual
PH10,2025-03-24,-24900.02849,Actual
PH10,2025-03-31,-9018.631440000034,Actual
PH10,2025-04-07,-26608.696789999998,Actual
PH10,2025-04-14,-129913.73335,Actual
PH10,2025-04-21,-122505.13743999999,Actual
PH10,2025-04-28,-90503.07275000006,Actual
PH10,2025-05-05,31677.678870000003,Actual
PH10,2025-05-12,-93448.11823000001,Actual
PH10,2025-05-19,-71874.26987999999,Actual
PH10,2025-05-26,34602.05947999998,Actual
PH10,2025-06-02,51996.23348999996,Actual
PH10,2025-06-09,-84623.58389,Actual
PH10,2025-06-16,-66476.25018,Actual
PH10,2025-06-23,-11804.594720000001,Actual
PH10,2025-06-30,395577.65344,Actual
PH10,2025-07-07,-31023.06095,Actual
PH10,2025-07-14,-138956.67554999999,Actual
PH10,2025-07-21,-32328.01065,Actual
PH10,2025-07-28,-216550.56697,Actual
PH10,2025-08-04,244666.40704000002,Actual
PH10,2025-08-11,-102848.51456,Actual
PH10,2025-08-18,-19815.113250000002,Actual
PH10,2025-08-25,187038.52583,Actual
PH10,2025-09-01,-362567.59339999995,Actual
PH10,2025-09-08,64162.87362000007,Actual
PH10,2025-09-15,196352.72274,Actual
PH10,2025-09-22,-79406.93082,Actual
PH10,2025-09-22,40193.720475443435,Validation_Test
PH10,2025-09-29,105601.63827999998,Actual
PH10,2025-09-29,-27706.032862799948,Validation_Test
PH10,2025-10-06,-159017.53921,Actual
PH10,2025-10-06,-37193.78313931696,Validation_Test
PH10,2025-10-13,240962.48977,Actual
PH10,2025-10-13,8582.368900972004,Validation_Test
PH10,2025-10-20,19307.4962,Actual
PH10,2025-10-20,67723.11546648205,Validation_Test
PH10,2025-10-27,-221092.88173,Actual
PH10,2025-10-27,-23121.052076000255,Validation_Test
PH10,2025-11-03,233178.67032000003,Actual
PH10,2025-11-03,4914.430550381243,Validation_Test
PH10,2025-11-10,97217.30073945363,Forecast
PH10,2025-11-17,31984.430298404754,Forecast
PH10,2025-11-24,19592.384301189762,Forecast
PH10,2025-12-01,63889.712669350556,Forecast
PH10,2025-12-08,-21284.578388283055,Forecast
PH10,2025-12-15,-28711.983267313513,Forecast
PH10,2025-12-22,19577.880512584095,Forecast
PH10,2025-12-29,-3820.2714379884164,Forecast
PH10,2026-01-05,-3029.2190181989426,Forecast
PH10,2026-01-12,8060.058550367314,Forecast
PH10,2026-01-19,-33130.39025149959,Forecast
PH10,2026-01-26,-20337.235171615583,Forecast
PH10,2026-02-02,7186.414097756526,Forecast
PH10,2026-02-09,8515.77284619974,Forecast
PH10,2026-02-16,-5283.816073914037,Forecast
PH10,2026-02-23,10911.723236037047,Forecast
PH10,2026-03-02,23785.769076222314,Forecast
PH10,2026-03-09,27045.03007719093,Forecast
PH10,2026-03-16,17316.351858196802,Forecast
PH10,2026-03-23,34678.93095586145,Forecast
PH10,2026-03-30,76982.25292994846,Forecast
PH10,2026-04-06,39592.35150528411,Forecast
PH10,2026-04-13,51407.94163761519,Forecast
PH10,2026-04-20,41994.976445754364,Forecast
PH10,2026-04-27,27226.146222658215,Forecast
PH10,2026-05-04,48402.803767219666,Forecast
SS10,2025-01-06,-798.2227,Actual
SS10,2025-01-13,-20674.38422,Actual
SS10,2025-01-20,44072.660710000004,Actual
SS10,2025-01-27,158688.40621000002,Actual
SS10,2025-02-03,-24315.68885,Actual
SS10,2025-02-10,-8670.90274,Actual
SS10,2025-02-17,-7932.45476,Actual
SS10,2025-02-24,-58566.315140000006,Actual
SS10,2025-03-03,7186.972880000001,Actual
SS10,2025-03-10,15310.863600000004,Actual
SS10,2025-03-17,2405.8257200000007,Actual
SS10,2025-03-24,-188276.63591999997,Actual
SS10,2025-03-31,-103699.1168,Actual
SS10,2025-04-07,-9143.04618,Actual
SS10,2025-04-14,74677.85053,Actual
SS10,2025-04-21,-6821.847100000001,Actual
SS10,2025-04-28,-59986.98458,Actual
SS10,2025-05-05,-30845.92992,Actual
SS10,2025-05-12,-11240.26065,Actual
SS10,2025-05-19,78614.61538999999,Actual
SS10,2025-05-26,455987.98549000005,Actual
SS10,2025-06-02,3824.52016,Actual
SS10,2025-06-09,-4659.30193,Actual
SS10,2025-06-16,-2407.8866399999997,Actual
SS10,2025-06-23,-10334.887020000013,Actual
SS10,2025-06-30,9205.152649999998,Actual
SS10,2025-07-07,-30149.94439,Actual
SS10,2025-07-14,-12666.634619999999,Actual
SS10,2025-07-21,-5222.768349999999,Actual
SS10,2025-07-28,-77499.49093,Actual
SS10,2025-08-04,-35613.46955,Actual
SS10,2025-08-11,3684.7799799999993,Actual
SS10,2025-08-18,-8241.26691,Actual
SS10,2025-08-25,312690.27292,Actual
SS10,2025-09-01,-7582.283169999999,Actual
SS10,2025-09-08,-41898.30876,Actual
SS10,2025-09-15,-9794.024099999999,Actual
SS10,2025-09-22,25518.446529999997,Actual
SS10,2025-09-22,-6163.915134522629,Validation_Test
SS10,2025-09-29,-66311.16973,Actual
SS10,2025-09-29,-20994.053343098694,Validation_Test
SS10,2025-10-06,-28601.69859,Actual
SS10,2025-10-06,-13116.137564704872,Validation_Test
SS10,2025-10-13,-8816.00807,Actual
SS10,2025-10-13,-11795.344117212382,Validation_Test
SS10,2025-10-20,6757.51975,Actual
SS10,2025-10-20,-16284.543308923698,Validation_Test
SS10,2025-10-27,-62652.16000000001,Actual
SS10,2025-10-27,-17965.917411328686,Validation_Test
SS10,2025-11-03,-598.99111,Actual
SS10,2025-11-03,-5282.981915865974,Validation_Test
SS10,2025-11-10,-32157.596362017535,Forecast
SS10,2025-11-17,-203.83603439851504,Forecast
SS10,2025-11-24,-39052.234189985626,Forecast
SS10,2025-12-01,-15304.480938028524,Forecast
SS10,2025-12-08,-19801.04916588658,Forecast
SS10,2025-12-15,1129.5629085026249,Forecast
SS10,2025-12-22,-33531.62997952064,Forecast
SS10,2025-12-29,-10465.614846737546,Forecast
SS10,2026-01-05,-6961.425758140546,Forecast
SS10,2026-01-12,-15220.13047125721,Forecast
SS10,2026-01-19,-2446.088563566085,Forecast
SS10,2026-01-26,-22584.675327902096,Forecast
SS10,2026-02-02,12802.582929183496,Forecast
SS10,2026-02-09,-21228.781870349972,Forecast
SS10,2026-02-16,9508.184549996135,Forecast
SS10,2026-02-23,-29073.785348595866,Forecast
SS10,2026-03-02,6705.650778321413,Forecast
SS10,2026-03-09,-22795.269587810657,Forecast
SS10,2026-03-16,6170.84332158114,Forecast
SS10,2026-03-23,-20302.177424949517,Forecast
SS10,2026-03-30,52.09599893000268,Forecast
SS10,2026-04-06,-28674.845072966287,Forecast
SS10,2026-04-13,-2164.1365889044037,Forecast
SS10,2026-04-20,-26562.548909980997,Forecast
SS10,2026-04-27,432.72422970986736,Forecast
SS10,2026-05-04,-30907.43549008641,Forecast
TH10,2025-01-06,-21955.222800000003,Actual
TH10,2025-01-13,-92677.69877,Actual
TH10,2025-01-20,-44283.80511,Actual
TH10,2025-01-27,81870.28882999996,Actual
TH10,2025-02-03,-36867.9212,Actual
TH10,2025-02-10,-80214.97004,Actual
TH10,2025-02-17,-61332.92143,Actual
TH10,2025-02-24,-361813.80303,Actual
TH10,2025-03-03,633960.13772,Actual
TH10,2025-03-10,-82381.34594,Actual
TH10,2025-03-17,-73335.45954000001,Actual
TH10,2025-03-24,-47178.95562,Actual
TH10,2025-03-31,257790.1041399999,Actual
TH10,2025-04-07,-109964.21586000001,Actual
TH10,2025-04-14,740165.8465199999,Actual
TH10,2025-04-21,-78515.21128,Actual
TH10,2025-04-28,-1001071.5661699999,Actual
TH10,2025-05-05,-16008.43765,Actual
TH10,2025-05-12,-120917.06661,Actual
TH10,2025-05-19,-31123.01651,Actual
TH10,2025-05-26,-1539050.20447,Actual
TH10,2025-06-02,591838.1410299999,Actual
TH10,2025-06-09,-62518.01524,Actual
TH10,2025-06-16,-209305.30706999998,Actual
TH10,2025-06-23,-105437.72394,Actual
TH10,2025-06-30,67710.82584,Actual
TH10,2025-07-07,703705.1827300001,Actual
TH10,2025-07-14,-78706.76191999999,Actual
TH10,2025-07-21,-80141.76137,Actual
TH10,2025-07-28,431921.9469500002,Actual
TH10,2025-08-04,-61693.63291,Actual
TH10,2025-08-11,-138697.46958,Actual
TH10,2025-08-18,-37548.23882,Actual
TH10,2025-08-25,-204421.22905000002,Actual
TH10,2025-09-01,-62301.154460000005,Actual
TH10,2025-09-08,-237730.63417,Actual
TH10,2025-09-15,-79370.55942,Actual
TH10,2025-09-22,-47938.59542,Actual
TH10,2025-09-22,165.83949055880657,Validation_Test
TH10,2025-09-29,522421.78618999984,Actual
TH10,2025-09-29,-61632.27077344377,Validation_Test
TH10,2025-10-06,-63981.52879,Actual
TH10,2025-10-06,-152697.85922230297,Validation_Test
TH10,2025-10-13,-38832.35342,Actual
TH10,2025-10-13,-92789.85769055343,Validation_Test
TH10,2025-10-20,-45176.73522,Actual
TH10,2025-10-20,-75591.35840020099,Validation_Test
TH10,2025-10-27,-59831.760059999986,Actual
TH10,2025-10-27,-120728.76164299253,Validation_Test
TH10,2025-11-03,-13533.227139999999,Actual
TH10,2025-11-03,-127759.45125079941,Validation_Test
TH10,2025-11-10,-26816.129321757267,Forecast
TH10,2025-11-17,-40403.71840061303,Forecast
TH10,2025-11-24,-43105.77543684041,Forecast
TH10,2025-12-01,-38528.28323622167,Forecast
TH10,2025-12-08,-52164.03893053332,Forecast
TH10,2025-12-15,-40362.08228002893,Forecast
TH10,2025-12-22,167555.76915972587,Forecast
TH10,2025-12-29,75308.82266426293,Forecast
TH10,2026-01-05,-65138.57309716174,Forecast
TH10,2026-01-12,69606.69607870336,Forecast
TH10,2026-01-19,72560.47673839403,Forecast
TH10,2026-01-26,-16501.86620498293,Forecast
TH10,2026-02-02,-38822.94519505171,Forecast
TH10,2026-02-09,-34903.61479930897,Forecast
TH10,2026-02-16,-19405.152962034488,Forecast
TH10,2026-02-23,-43049.22554101816,Forecast
TH10,2026-03-02,37296.08875041938,Forecast
TH10,2026-03-09,-45494.492893674265,Forecast
TH10,2026-03-16,7107.422492750091,Forecast
TH10,2026-03-23,161377.21841274254,Forecast
TH10,2026-03-30,182918.64861435854,Forecast
TH10,2026-04-06,12787.87151765963,Forecast
TH10,2026-04-13,29738.96922103154,Forecast
TH10,2026-04-20,-2722.4583109910236,Forecast
TH10,2026-04-27,-13284.02568228772,Forecast
TH10,2026-05-04,-143635.76271560334,Forecast
TW10,2025-01-06,84042.0134,Actual
TW10,2025-01-13,-363396.6048,Actual
TW10,2025-01-20,-359634.86082,Actual
TW10,2025-01-27,0.0,Actual
TW10,2025-02-03,-275280.5549600002,Actual
TW10,2025-02-10,-187988.13125,Actual
TW10,2025-02-17,-71083.0218,Actual
TW10,2025-02-24,-1772723.81108,Actual
TW10,2025-03-03,2611713.9093400002,Actual
TW10,2025-03-10,-128369.40462,Actual
TW10,2025-03-17,-200563.30211999998,Actual
TW10,2025-03-24,-431599.87484999996,Actual
TW10,2025-03-31,-1946994.63484,Actual
TW10,2025-04-07,3276856.84394,Actual
TW10,2025-04-14,-339046.72968,Actual
TW10,2025-04-21,-242170.81143,Actual
TW10,2025-04-28,-1843779.0039499998,Actual
TW10,2025-05-05,2514589.27503,Actual
TW10,2025-05-12,-200745.58171,Actual
TW10,2025-05-19,-422215.72563000006,Actual
TW10,2025-05-26,-1110650.3053,Actual
TW10,2025-06-02,1355442.98016,Actual
TW10,2025-06-09,21356.93969,Actual
TW10,2025-06-16,-411812.26008,Actual
TW10,2025-06-23,-93234.98883,Actual
TW10,2025-06-30,1844317.9976599999,Actual
TW10,2025-07-07,-693515.28246,Actual
TW10,2025-07-14,-221546.88173999998,Actual
TW10,2025-07-21,-346105.40796,Actual
TW10,2025-07-28,-2095323.0934800003,Actual
TW10,2025-08-04,2978213.96634,Actual
TW10,2025-08-11,-342144.21712,Actual
TW10,2025-08-18,-113352.68900999999,Actual
TW10,2025-08-25,-333320.64366,Actual
TW10,2025-09-01,2915608.48735,Actual
TW10,2025-09-08,-21415.233139999997,Actual
TW10,2025-09-15,816946.4200599999,Actual
TW10,2025-09-22,-3509238.24356,Actual
TW10,2025-09-22,347187.8266190642,Validation_Test
TW10,2025-09-29,841578.49964,Actual
TW10,2025-09-29,-373786.8474737711,Validation_Test
TW10,2025-10-06,58905.38687999998,Actual
TW10,2025-10-06,-111744.35015671726,Validation_Test
TW10,2025-10-13,-203959.00134000002,Actual
TW10,2025-10-13,-431387.92169172724,Validation_Test
TW10,2025-10-20,-614642.01248,Actual
TW10,2025-10-20,-634035.5684053843,Validation_Test
TW10,2025-10-27,-2150738.14444,Actual
TW10,2025-10-27,111364.56002667075,Validation_Test
TW10,2025-11-03,2864292.24005,Actual
TW10,2025-11-03,-467523.9463778265,Validation_Test
TW10,2025-11-10,130511.80599641951,Forecast
TW10,2025-11-17,-472289.38685704966,Forecast
TW10,2025-11-24,-687099.6449843007,Forecast
TW10,2025-12-01,1035835.7239816394,Forecast
TW10,2025-12-08,-741095.7784517871,Forecast
TW10,2025-12-15,-29629.124497290642,Forecast
TW10,2025-12-22,-1243045.9068533801,Forecast
TW10,2025-12-29,-551656.754092105,Forecast
TW10,2026-01-05,-499429.5854707624,Forecast
TW10,2026-01-12,-438487.69359018176,Forecast
TW10,2026-01-19,-421933.7760076801,Forecast
TW10,2026-01-26,-975668.107909826,Forecast
TW10,2026-02-02,-453755.34924781974,Forecast
TW10,2026-02-09,-489585.95232236746,Forecast
TW10,2026-02-16,-493973.13518945005,Forecast
TW10,2026-02-23,-1047813.5915133418,Forecast
TW10,2026-03-02,121196.27534534375,Forecast
TW10,2026-03-09,-323606.52513875475,Forecast
TW10,2026-03-16,-430273.5160710353,Forecast
TW10,2026-03-23,-466334.14098562766,Forecast
TW10,2026-03-30,-579814.1793377204,Forecast
TW10,2026-04-06,-406301.2767551461,Forecast
TW10,2026-04-13,-479312.6280257783,Forecast
TW10,2026-04-20,-457191.7843241689,Forecast
TW10,2026-04-27,-479059.48081724753,Forecast
TW10,2026-05-04,-472218.3056740645,Forecast
VN20,2025-01-06,-33906.48635,Actual
VN20,2025-01-13,142940.48173999996,Actual
VN20,2025-01-20,311822.94077999995,Actual
VN20,2025-01-27,-16820.61547,Actual
VN20,2025-02-03,-993605.42061,Actual
VN20,2025-02-10,187142.28064999997,Actual
VN20,2025-02-17,493919.34398999996,Actual
VN20,2025-02-24,-934187.26604,Actual
VN20,2025-03-03,-135173.7663100001,Actual
VN20,2025-03-10,-26042.69682,Actual
VN20,2025-03-17,195001.88762,Actual
VN20,2025-03-24,-120023.29575999995,Actual
VN20,2025-03-31,-315219.6700599999,Actual
VN20,2025-04-07,322789.59439999994,Actual
VN20,2025-04-14,239686.92854,Actual
VN20,2025-04-21,-137006.42789,Actual
VN20,2025-04-28,-565258.5101900002,Actual
VN20,2025-05-05,197041.48628,Actual
VN20,2025-05-12,293570.18659,Actual
VN20,2025-05-19,267007.99321,Actual
VN20,2025-05-26,-66855.16524,Actual
VN20,2025-06-02,-126223.71042999992,Actual
VN20,2025-06-09,264999.30967,Actual
VN20,2025-06-16,319635.82415,Actual
VN20,2025-06-23,-106646.68682000003,Actual
VN20,2025-06-30,-895661.60832,Actual
VN20,2025-07-07,173892.17844999998,Actual
VN20,2025-07-14,537012.97926,Actual
VN20,2025-07-21,95779.94719,Actual
VN20,2025-07-28,-737626.54874,Actual
VN20,2025-08-04,395466.23412000004,Actual
VN20,2025-08-11,264027.97799,Actual
VN20,2025-08-18,264654.15976,Actual
VN20,2025-08-25,-839198.48834,Actual
VN20,2025-09-01,203721.13681000003,Actual
VN20,2025-09-08,358015.24213,Actual
VN20,2025-09-15,744723.6875499999,Actual
VN20,2025-09-22,21249.369290000002,Actual
VN20,2025-09-22,-13450.303780702292,Validation_Test
VN20,2025-09-29,-481998.6885599999,Actual
VN20,2025-09-29,186159.56640373357,Validation_Test
VN20,2025-10-06,320622.13152000005,Actual
VN20,2025-10-06,301473.5702941307,Validation_Test
VN20,2025-10-13,346871.07991,Actual
VN20,2025-10-13,179821.09821671125,Validation_Test
VN20,2025-10-20,18350.568169999984,Actual
VN20,2025-10-20,178277.83319602476,Validation_Test
VN20,2025-10-27,-845517.9353899999,Actual
VN20,2025-10-27,185031.36645448464,Validation_Test
VN20,2025-11-03,2247.2932900000014,Actual
VN20,2025-11-03,300045.2549764574,Validation_Test
VN20,2025-11-10,85598.31044178792,Forecast
VN20,2025-11-17,66714.64968645835,Forecast
VN20,2025-11-24,-470129.222613562,Forecast
VN20,2025-12-01,25038.625835776125,Forecast
VN20,2025-12-08,-15017.818922290928,Forecast
VN20,2025-12-15,2521.0640611555136,Forecast
VN20,2025-12-22,-159882.00563284388,Forecast
VN20,2025-12-29,-5301.803165567224,Forecast
VN20,2026-01-05,163489.22636058927,Forecast
VN20,2026-01-12,173077.0207290945,Forecast
VN20,2026-01-19,-25402.67321780487,Forecast
VN20,2026-01-26,4535.907952863054,Forecast
VN20,2026-02-02,33698.41342790524,Forecast
VN20,2026-02-09,61410.853575746834,Forecast
VN20,2026-02-16,112592.4569090007,Forecast
VN20,2026-02-23,3779.167760941171,Forecast
VN20,2026-03-02,7504.281437281548,Forecast
VN20,2026-03-09,57449.60547368262,Forecast
VN20,2026-03-16,73385.90803448447,Forecast
VN20,2026-03-23,-65476.88773870404,Forecast
VN20,2026-03-30,19869.58454824661,Forecast
VN20,2026-04-06,176469.74767607974,Forecast
VN20,2026-04-13,105224.23543985766,Forecast
VN20,2026-04-20,-49639.381014584855,Forecast
VN20,2026-04-27,-24524.13275829458,Forecast
VN20,2026-05-04,16583.81058000741,Forecast
